from_currency,to_currency,rate
USD,EUR,0.8706
EUR,USD,1.1486331265793706
USD,GBP,0.75
GBP,USD,1.3333333333333333
USD,MYR,4.7
MYR,USD,0.2127659574468085
USD,CNY,7.2
CNY,USD,0.1388888888888889
EUR,GBP,0.867
GBP,EUR,1.1534025374855825
